attendeeName,companyName,eventName
Ben Dover,MSNBC,CyberTractor Challenge
Sharon Peters,Pansy,CyberTractor Challenge
Tom Cruise,Pansy,CyberTractor Challenge
Heywood G. Blome,Pansy,CyberTractor Challenge
Chris P. Bacon,CNN,CyberTractor Challenge
Hugh Jass,CNH Industrial,CyberTractor Challenge
Ima Pigg,Case IH,CyberTractor Challenge
Anita Bath,MSNBC,CyberTractor Challenge
Al Beback,FOX NEWS,CyberTractor Challenge
Bea O'Problem,New Holland,CyberTractor Challenge
Pat Myback,Massey Ferguson,CyberTractor Challenge
Ray Gunn,AL JIZZARA,CyberTractor Challenge
Olive Yew,Challenger,CyberTractor Challenge
Paige Turner,FOX NEWS,CyberTractor Challenge
Perry Scope,CNN,CyberTractor Challenge
Rick O'Shea,MSNBC,CyberTractor Challenge
Sue Yu,CNH Industrial,CyberTractor Challenge
Stan Still,Case IH,CyberTractor Challenge
Tara Misu,New Holland,CyberTractor Challenge
Will Power,Massey Ferguson,CyberTractor Challenge